{
  "best_model": "logistic_regression",
  "best_metrics": {
    "accuracy": 0.8852459016393442,
    "precision": 0.8387096774193549,
    "recall": 0.9285714285714286,
    "f1": 0.8813559322033898,
    "roc_auc": 0.9664502164502166,
    "cv_roc_auc_mean": 0.9024931590148981,
    "cv_roc_auc_std": 0.01443995119614911
  },
  "leaderboard": {
    "logistic_regression": {
      "accuracy": 0.8852459016393442,
      "precision": 0.8387096774193549,
      "recall": 0.9285714285714286,
      "f1": 0.8813559322033898,
      "roc_auc": 0.9664502164502166,
      "cv_roc_auc_mean": 0.9024931590148981,
      "cv_roc_auc_std": 0.01443995119614911
    },
    "random_forest": {
      "accuracy": 0.8852459016393442,
      "precision": 0.8387096774193549,
      "recall": 0.9285714285714286,
      "f1": 0.8813559322033898,
      "roc_auc": 0.9545454545454546,
      "cv_roc_auc_mean": 0.8983694244563811,
      "cv_roc_auc_std": 0.023164401727784827
    },
    "xgboost": {
      "accuracy": 0.9016393442622951,
      "precision": 0.8666666666666667,
      "recall": 0.9285714285714286,
      "f1": 0.896551724137931,
      "roc_auc": 0.9307359307359307,
      "cv_roc_auc_mean": 0.8709700122743602,
      "cv_roc_auc_std": 0.020660727670639815
    }
  },
  "xgboost_available": true
}